{"soil_moisture": 61.373754019113974, "light_intensity": 544.9725270705222, "leaf_wetness": 0.21939810569658436, "humidity": 64.12415422731385, "temperature": 36.92089010690903}