{"humidity": 45.16828841862116, "soil_moisture": 28.02525741815554, "temperature": 38.34746788435913, "light_intensity": 905.440601516927, "leaf_wetness": 0.4268482668858986}