{"leaf_wetness": 0.8465298224977261, "humidity": 47.24106677398434, "light_intensity": 114.21726693823383, "temperature": 27.221834025197502, "soil_moisture": 27.190051949835528}