{"leaf_wetness": 0.45284549093878435, "humidity": 82.05383912690002, "soil_moisture": 69.9899106895999, "temperature": 34.727976728580444, "light_intensity": 649.876478851746}