{"soil_moisture": 64.21592179060319, "temperature": 30.094213111118457, "leaf_wetness": 0.14948369599086686, "light_intensity": 326.99276343472627, "humidity": 46.31343895093299}