{"soil_moisture": 67.60258215388359, "temperature": 25.360544994888226, "leaf_wetness": 0.4694599712932366, "light_intensity": 458.8003827446751, "humidity": 47.444051566444095}